log_index,transaction_hash,transaction_index,address,data,topics,block_timestamp,block_number,block_hash
9,0xa7af8d540e8470de728e44fd0acb0bc03a063f3ba39f76c1a9c8f9943e29419e,13,0x174bfa6600bf90c885c7c01c7031389ed1461ab9,0x00000000000000000000000000000000000000000000000029a2241af62c0000,"[0xddf252ad1be2c89b69c2b068fc378daa952ba7f163c4a11628f55a4df523b3ef,0x0000000000000000000000005d0b5bb8615c1b57b368bf6f320c53a9ae6c2ca1,,]",2019-04-14 16:19:35 UTC,7567106,0x739f4e951e28aae19ad3a1eb5fac28df33bfa76797ec9285262cae4ebeeaa815
4,0x7585adfc9d619df94187f983c270088d7112d52d6e037ec6b7162920953504e3,5,0xd1ceeeeee83f8bcf3bedad437202b6154e9f5405,0x8f5e04940921051a9d039196833f18cd0b7683e6782205b7afe60b67958bc9b8,"[0x5bdd2fc99022530157777690475b670d3872f32262eb1d47d9ba8000dad58f87,,,]",2019-04-14 16:19:35 UTC,7567106,0x739f4e951e28aae19ad3a1eb5fac28df33bfa76797ec9285262cae4ebeeaa815
5,0xcfce835bf32ad79ff23c98906b05dc217c88447240f66074053eb218580345e4,8,0x28c69cd429f785954ae4b0263db4d9871c033ca7,0x00000000000000000000000000000000000000000000000083d6c7aab6360000,"[0xddf252ad1be2c89b69c2b068fc378daa952ba7f163c4a11628f55a4df523b3ef,0x00000000000000000000000076798dcd2f40be69a6675115a4057c7f935c64c7,,]",2019-04-14 16:19:35 UTC,7567106,0x739f4e951e28aae19ad3a1eb5fac28df33bfa76797ec9285262cae4ebeeaa815
6,0x26d9cf29e9af0d6b9c78430294d977041be71084a0e245baee158daaedd6922f,9,0x60bf91ac87fee5a78c28f7b67701fbcfa79c18ec,0x00000000000000000000000000000000000000000000000000000000004c4b40000000000000000000000000000000000000000000000000000000000000006000000000000000000000000000000000000000000000000000000000000000020000000000000000000000000000000000000000000000000000000000000000,"[0x940c4b3549ef0aaff95807dc27f62d88ca15532d1bf535d7d63800f40395d16c,0x000000000000000000000000f5a1ee5d3b84e0ecbe56f357d3f97a5c8feaa1c3,0x5246520000000000000000000000000000000000000000000000000000000000,]",2019-04-14 16:19:35 UTC,7567106,0x739f4e951e28aae19ad3a1eb5fac28df33bfa76797ec9285262cae4ebeeaa815
7,0x26d9cf29e9af0d6b9c78430294d977041be71084a0e245baee158daaedd6922f,9,0xd0929d411954c47438dc1d871dd6081f5c5e149c,0x00000000000000000000000000000000000000000000000000000000004c4b40,"[0xddf252ad1be2c89b69c2b068fc378daa952ba7f163c4a11628f55a4df523b3ef,0x000000000000000000000000f5a1ee5d3b84e0ecbe56f357d3f97a5c8feaa1c3,,]",2019-04-14 16:19:35 UTC,7567106,0x739f4e951e28aae19ad3a1eb5fac28df33bfa76797ec9285262cae4ebeeaa815
8,0xb7b55059fb9fb8812c2420c2a18a6a95d176329bcf019bfe42ea8624f0fe4665,12,0x174bfa6600bf90c885c7c01c7031389ed1461ab9,0x00000000000000000000000000000000000000000000000029a2241af62c0000,"[0xddf252ad1be2c89b69c2b068fc378daa952ba7f163c4a11628f55a4df523b3ef,0x000000000000000000000000314552cdba137a29b8889f2fadc28e173a469936,,]",2019-04-14 16:19:35 UTC,7567106,0x739f4e951e28aae19ad3a1eb5fac28df33bfa76797ec9285262cae4ebeeaa815
0,0xd0229bb25a54f27d7462ee2e5837ae63e294784a732c82786c75b12d465c7b5e,0,0x03cb0021808442ad5efb61197966aef72a1def96,0x0000000000000000000000000000000000000000000000000354a6ba7a180000,"[0xddf252ad1be2c89b69c2b068fc378daa952ba7f163c4a11628f55a4df523b3ef,0x00000000000000000000000095428ac02714244929215638f8f99e9a5a43c8ed,,]",2019-04-14 16:19:35 UTC,7567106,0x739f4e951e28aae19ad3a1eb5fac28df33bfa76797ec9285262cae4ebeeaa815
1,0xd0229bb25a54f27d7462ee2e5837ae63e294784a732c82786c75b12d465c7b5e,0,0x573aaaa81154cd24e96f0cb97fd86110b8f6767f,0x000000000000000000000000000000000000000000000000d02ab486cedc0000,"[0xddf252ad1be2c89b69c2b068fc378daa952ba7f163c4a11628f55a4df523b3ef,0x00000000000000000000000069d7f822726f6504155be9f9a78ea49cc2665101,,]",2019-04-14 16:19:35 UTC,7567106,0x739f4e951e28aae19ad3a1eb5fac28df33bfa76797ec9285262cae4ebeeaa815
2,0xd0229bb25a54f27d7462ee2e5837ae63e294784a732c82786c75b12d465c7b5e,0,0x03cb0021808442ad5efb61197966aef72a1def96,0x000000000000000000000000000000000000000000000000003ff2e795f50000,"[0xddf252ad1be2c89b69c2b068fc378daa952ba7f163c4a11628f55a4df523b3ef,0x00000000000000000000000062a364f7cba3be8fc9dcfdde12cabec8244af381,,]",2019-04-14 16:19:35 UTC,7567106,0x739f4e951e28aae19ad3a1eb5fac28df33bfa76797ec9285262cae4ebeeaa815
3,0x9dbc8d139ea65cba3850e802cf69c8cd610d67871b1c6bd25e043a86c4e863b3,2,0x3c1d62726afb03aa2094789dee1fb60ab82ef44f,0x00000000000000000000000000000000000000000000000ad78ebc5ac6200000,"[0xddf252ad1be2c89b69c2b068fc378daa952ba7f163c4a11628f55a4df523b3ef,0x000000000000000000000000faecf6461095d846972e289e4aae960d87c35b7f,,]",2019-04-14 16:19:35 UTC,7567106,0x739f4e951e28aae19ad3a1eb5fac28df33bfa76797ec9285262cae4ebeeaa815
10,0x21a79549609d181c79588ebff89e3121ad1e5d506ee9df463853b8e9377555e4,14,0xf5b0a3efb8e8e4c201e2a935f110eaaf3ffecb8d,0x000000000000000000000000000000000000000000000000000000000000c2cb,"[0xddf252ad1be2c89b69c2b068fc378daa952ba7f163c4a11628f55a4df523b3ef,0x0000000000000000000000000927661d9790d58087f045c2e84aa38024365a91,,]",2019-04-14 16:19:35 UTC,7567106,0x739f4e951e28aae19ad3a1eb5fac28df33bfa76797ec9285262cae4ebeeaa815
11,0x21a79549609d181c79588ebff89e3121ad1e5d506ee9df463853b8e9377555e4,14,0xf5b0a3efb8e8e4c201e2a935f110eaaf3ffecb8d,0x0000000000000000000000000000000000000000000000000000000000000000,"[0x0aa75ef3ef0b2c4f092828edf4e4ded5a223d08350535710b957679883ff3a3c,0x0000000000000000000000000927661d9790d58087f045c2e84aa38024365a91,,]",2019-04-14 16:19:35 UTC,7567106,0x739f4e951e28aae19ad3a1eb5fac28df33bfa76797ec9285262cae4ebeeaa815
12,0xf58597f8c6772cb1d9499ee5b1935fd72f4ac96d2d0ab1e022964b2f9f825dc3,17,0x28c69cd429f785954ae4b0263db4d9871c033ca7,0x0000000000000000000000000000000000000000000000006124fee993bc0000,"[0xddf252ad1be2c89b69c2b068fc378daa952ba7f163c4a11628f55a4df523b3ef,0x0000000000000000000000007266f069f9f7533f84c2a1d3c60156bcd2a6a917,,]",2019-04-14 16:19:35 UTC,7567106,0x739f4e951e28aae19ad3a1eb5fac28df33bfa76797ec9285262cae4ebeeaa815
13,0xc785434fffd82b88ce7c9a1f4bfe60d9550f9da6e4133b38f5f2883d6ebf68e0,18,0x28673d7a6df30c99b705edca0046de738431ede1,0x000000000000000000000000000000000000000000000000000000003c7fabc0,"[0xddf252ad1be2c89b69c2b068fc378daa952ba7f163c4a11628f55a4df523b3ef,0x0000000000000000000000008cdbab5e8eb157558346fdf55913f8797dd5134f,,]",2019-04-14 16:19:35 UTC,7567106,0x739f4e951e28aae19ad3a1eb5fac28df33bfa76797ec9285262cae4ebeeaa815
14,0xd663d0847aa0e936389bd6c8e0b15fe75460d9acd39670f114a9f48a87b34181,19,0x3597bfd533a99c9aa083587b074434e61eb0a258,0x00000000000000000000000000000000000000000000000000023c1279905000,"[0xddf252ad1be2c89b69c2b068fc378daa952ba7f163c4a11628f55a4df523b3ef,0x000000000000000000000000ea17d47e3a5602eda0cdb5194e5eead166496b46,,]",2019-04-14 16:19:35 UTC,7567106,0x739f4e951e28aae19ad3a1eb5fac28df33bfa76797ec9285262cae4ebeeaa815
15,0x921ebafc00c0264797b0ff01ab4b3f4f7f85403d24f3b819261e310da87a6992,20,0x93ed3fbe21207ec2e8f2d3c3de6e058cb73bc04d,0x00000000000000000000000000000000000000000000043c33c1937564800000,"[0xddf252ad1be2c89b69c2b068fc378daa952ba7f163c4a11628f55a4df523b3ef,0x0000000000000000000000002a1049062c6cfd69bd38fbaf3b0559df1dbbc92c,,]",2019-04-14 16:19:35 UTC,7567106,0x739f4e951e28aae19ad3a1eb5fac28df33bfa76797ec9285262cae4ebeeaa815
16,0x921ebafc00c0264797b0ff01ab4b3f4f7f85403d24f3b819261e310da87a6992,20,0xf506828b166de88ca2edb2a98d960abba0d2402a,0x,"[0xcd60aa75dea3072fbc07ae6d7d856b5dc5f4eee88854f5b4abf7b680ef8bc50f,0x0000000000000000000000000000000000000000000000000f1ac4b1eca44172,0x00000000000000000000000000000000000000000000043c33c1937564800000,]",2019-04-14 16:19:35 UTC,7567106,0x739f4e951e28aae19ad3a1eb5fac28df33bfa76797ec9285262cae4ebeeaa815
17,0x8b93160bca1967748b98a8d85b0bffc867d99d2207229034e58769835df90f71,21,0x28c69cd429f785954ae4b0263db4d9871c033ca7,0x00000000000000000000000000000000000000000000000098a7d9b8314c0000,"[0xddf252ad1be2c89b69c2b068fc378daa952ba7f163c4a11628f55a4df523b3ef,0x000000000000000000000000c6410dde1b5d34a3852c1a8c024669bac385f68d,,]",2019-04-14 16:19:35 UTC,7567106,0x739f4e951e28aae19ad3a1eb5fac28df33bfa76797ec9285262cae4ebeeaa815
27,0x0a2008e79a211946593f561a1159dbaf6c4d42385782568fdf31fb446923047e,33,0x2c974b2d0ba1716e644c1fc59982a89ddd2ff724,0x000000000000000000000000000000000000000000000000461fbce0aeb3a1b2,"[0xddf252ad1be2c89b69c2b068fc378daa952ba7f163c4a11628f55a4df523b3ef,0x0000000000000000000000006690819cb98c1211a8e38790d6cd48316ed518db,,]",2019-04-14 16:19:35 UTC,7567106,0x739f4e951e28aae19ad3a1eb5fac28df33bfa76797ec9285262cae4ebeeaa815
28,0x0a2008e79a211946593f561a1159dbaf6c4d42385782568fdf31fb446923047e,33,0x2c974b2d0ba1716e644c1fc59982a89ddd2ff724,0x000000000000000000000000000000000000000000000000461fbce0aeb3a1b2,"[0x8c5be1e5ebec7d5bd14f71427d1e84f3dd0314c0f7b2291e5b200ac8c7c3b925,0x000000000000000000000000be1daf05bf9e054b3e28b7e9c318819ef5dacb58,,]",2019-04-14 16:19:35 UTC,7567106,0x739f4e951e28aae19ad3a1eb5fac28df33bfa76797ec9285262cae4ebeeaa815
29,0x0a2008e79a211946593f561a1159dbaf6c4d42385782568fdf31fb446923047e,33,0x2c974b2d0ba1716e644c1fc59982a89ddd2ff724,0x000000000000000000000000000000000000000000000000461fbce0aeb3a1b2,"[0xddf252ad1be2c89b69c2b068fc378daa952ba7f163c4a11628f55a4df523b3ef,0x000000000000000000000000be1daf05bf9e054b3e28b7e9c318819ef5dacb58,,]",2019-04-14 16:19:35 UTC,7567106,0x739f4e951e28aae19ad3a1eb5fac28df33bfa76797ec9285262cae4ebeeaa815
30,0x0a2008e79a211946593f561a1159dbaf6c4d42385782568fdf31fb446923047e,33,0x1f573d6fb3f13d689ff844b4ce37794d79a7ff1c,0x00000000000000000000000000000000000000000000000003d71950eca4a37a,"[0xddf252ad1be2c89b69c2b068fc378daa952ba7f163c4a11628f55a4df523b3ef,0x0000000000000000000000006690819cb98c1211a8e38790d6cd48316ed518db,,]",2019-04-14 16:19:35 UTC,7567106,0x739f4e951e28aae19ad3a1eb5fac28df33bfa76797ec9285262cae4ebeeaa815
31,0x0a2008e79a211946593f561a1159dbaf6c4d42385782568fdf31fb446923047e,33,0xbe1daf05bf9e054b3e28b7e9c318819ef5dacb58,0x000000000000000000000000000000000000000000000000461fbce0aeb3a1b200000000000000000000000000000000000000000000000003d71950eca4a37a0000000000000000000000000000000000000000000000000001f7184f3a124b,"[0x276856b36cbc45526a0ba64f44611557a2a8b68662c5388e9fe6d72e86e1c8cb,0x0000000000000000000000001f573d6fb3f13d689ff844b4ce37794d79a7ff1c,0x0000000000000000000000006690819cb98c1211a8e38790d6cd48316ed518db,]",2019-04-14 16:19:35 UTC,7567106,0x739f4e951e28aae19ad3a1eb5fac28df33bfa76797ec9285262cae4ebeeaa815
32,0x0a2008e79a211946593f561a1159dbaf6c4d42385782568fdf31fb446923047e,33,0xbe1daf05bf9e054b3e28b7e9c318819ef5dacb58,0x0000000000000000000000000000000000000000000026497705448e4725ca9500000000000000000000000000000000000000000001810b3f3e0b869e6ca57a000000000000000000000000000000000000000000000000000000000007a120,"[0x8a6a7f53b3c8fa1dc4b83e3f1be668c1b251ff8d44cdcb83eb3acec3fec6a788,,,]",2019-04-14 16:19:35 UTC,7567106,0x739f4e951e28aae19ad3a1eb5fac28df33bfa76797ec9285262cae4ebeeaa815
33,0x0a2008e79a211946593f561a1159dbaf6c4d42385782568fdf31fb446923047e,33,0xbe1daf05bf9e054b3e28b7e9c318819ef5dacb58,0x0000000000000000000000000000000000000000000026497705448e4725ca95000000000000000000000000000000000000000000001520e5d997f9d0d9a7d7000000000000000000000000000000000000000000000000000000000007a120,"[0x8a6a7f53b3c8fa1dc4b83e3f1be668c1b251ff8d44cdcb83eb3acec3fec6a788,,,]",2019-04-14 16:19:35 UTC,7567106,0x739f4e951e28aae19ad3a1eb5fac28df33bfa76797ec9285262cae4ebeeaa815
34,0x0a2008e79a211946593f561a1159dbaf6c4d42385782568fdf31fb446923047e,33,0x1f573d6fb3f13d689ff844b4ce37794d79a7ff1c,0x00000000000000000000000000000000000000000000000003d71950eca4a37a,"[0x8c5be1e5ebec7d5bd14f71427d1e84f3dd0314c0f7b2291e5b200ac8c7c3b925,0x000000000000000000000000751b934e7496e437503d74d0679a45e49c0b7071,,]",2019-04-14 16:19:35 UTC,7567106,0x739f4e951e28aae19ad3a1eb5fac28df33bfa76797ec9285262cae4ebeeaa815
35,0x0a2008e79a211946593f561a1159dbaf6c4d42385782568fdf31fb446923047e,33,0x1f573d6fb3f13d689ff844b4ce37794d79a7ff1c,0x00000000000000000000000000000000000000000000000003d71950eca4a37a,"[0xddf252ad1be2c89b69c2b068fc378daa952ba7f163c4a11628f55a4df523b3ef,0x000000000000000000000000751b934e7496e437503d74d0679a45e49c0b7071,,]",2019-04-14 16:19:35 UTC,7567106,0x739f4e951e28aae19ad3a1eb5fac28df33bfa76797ec9285262cae4ebeeaa815
36,0x0a2008e79a211946593f561a1159dbaf6c4d42385782568fdf31fb446923047e,33,0xb8c77482e45f1f44de1745f52c74426c631bdd52,0x0000000000000000000000000000000000000000000000000021ca6fb9057e53,"[0xddf252ad1be2c89b69c2b068fc378daa952ba7f163c4a11628f55a4df523b3ef,0x0000000000000000000000006690819cb98c1211a8e38790d6cd48316ed518db,,]",2019-04-14 16:19:35 UTC,7567106,0x739f4e951e28aae19ad3a1eb5fac28df33bfa76797ec9285262cae4ebeeaa815
37,0x0a2008e79a211946593f561a1159dbaf6c4d42385782568fdf31fb446923047e,33,0x751b934e7496e437503d74d0679a45e49c0b7071,0x00000000000000000000000000000000000000000000000003d71950eca4a37a0000000000000000000000000000000000000000000000000021ca6fb9057e530000000000000000000000000000000000000000000000000000114acf164861,"[0x276856b36cbc45526a0ba64f44611557a2a8b68662c5388e9fe6d72e86e1c8cb,0x000000000000000000000000b8c77482e45f1f44de1745f52c74426c631bdd52,0x0000000000000000000000006690819cb98c1211a8e38790d6cd48316ed518db,]",2019-04-14 16:19:35 UTC,7567106,0x739f4e951e28aae19ad3a1eb5fac28df33bfa76797ec9285262cae4ebeeaa815
38,0x0a2008e79a211946593f561a1159dbaf6c4d42385782568fdf31fb446923047e,33,0x751b934e7496e437503d74d0679a45e49c0b7071,0x0000000000000000000000000000000000000000000009eff83c0c9d41ddd0a10000000000000000000000000000000000000000000016339e43e5da1c649224000000000000000000000000000000000000000000000000000000000007a120,"[0x8a6a7f53b3c8fa1dc4b83e3f1be668c1b251ff8d44cdcb83eb3acec3fec6a788,,,]",2019-04-14 16:19:35 UTC,7567106,0x739f4e951e28aae19ad3a1eb5fac28df33bfa76797ec9285262cae4ebeeaa815
39,0x0a2008e79a211946593f561a1159dbaf6c4d42385782568fdf31fb446923047e,33,0x751b934e7496e437503d74d0679a45e49c0b7071,0x0000000000000000000000000000000000000000000009eff83c0c9d41ddd0a10000000000000000000000000000000000000000000000c3bf0f5e3e6e5c2960000000000000000000000000000000000000000000000000000000000007a120,"[0x8a6a7f53b3c8fa1dc4b83e3f1be668c1b251ff8d44cdcb83eb3acec3fec6a788,,,]",2019-04-14 16:19:35 UTC,7567106,0x739f4e951e28aae19ad3a1eb5fac28df33bfa76797ec9285262cae4ebeeaa815
40,0x0a2008e79a211946593f561a1159dbaf6c4d42385782568fdf31fb446923047e,33,0xb8c77482e45f1f44de1745f52c74426c631bdd52,0x0000000000000000000000000000000000000000000000000021ca6fb9057e53,"[0xddf252ad1be2c89b69c2b068fc378daa952ba7f163c4a11628f55a4df523b3ef,0x0000000000000000000000003ed3487ec330f4ff0793b7abab9dd0da040851a0,,]",2019-04-14 16:19:35 UTC,7567106,0x739f4e951e28aae19ad3a1eb5fac28df33bfa76797ec9285262cae4ebeeaa815
41,0xd702b093676a7b8da015a6a38f5a1fd6093f172685ad0339cef013433f19a87d,34,0x37f04d2c3ae075fad5483bb918491f656b12bdb6,0x0000000000000000000000000000000000000000000000000000a10aefe072e9,"[0xddf252ad1be2c89b69c2b068fc378daa952ba7f163c4a11628f55a4df523b3ef,0x000000000000000000000000d3833230dba64e6a45c844c571507b050f44e16f,,]",2019-04-14 16:19:35 UTC,7567106,0x739f4e951e28aae19ad3a1eb5fac28df33bfa76797ec9285262cae4ebeeaa815
42,0x019d14eda9fd38ede251c935da843df720148b94a320b6aa9eed0fee51a19eaa,35,0x999999c60566e0a78df17f71886333e1dace0bae,0xcf375cde9fa34c2e16de49b942d22d46991b7fc2d4cf03df89ae4b2c5c962fa70000000000000000000000000000000000000000000000000000000000000000,"[0xacafc53544c2ca5cd4dbfda9282c25a35859f0d4ceb77a8275dca1660b1ed3ad,,,]",2019-04-14 16:19:35 UTC,7567106,0x739f4e951e28aae19ad3a1eb5fac28df33bfa76797ec9285262cae4ebeeaa815
43,0x8a1e534de06ed8b9967c15bfa76e724df387b348668372949fb787bcedbb7691,36,0x0c073c92e7684031cfc297b83ecc33619e864d18,0x000000000000000000000000e0d0bb78d6f5b59f07096cbcd2a4e57f12281b276427497ac03338714d70dbd88c729019ad43883955240c88e5f45639a89d8ab200000000000000000000000000000000000000000000000001a15f7004368000000000000000000000000000000000000000000000000000000000000000008000000000000000000000000000000000000000000000000000000000000000077061796d656e7400000000000000000000000000000000000000000000000000,"[0xe0be3e380b9d096e907f7ef72465cfc68009c6e3e00d00799c10f946785b1b24,,,]",2019-04-14 16:19:35 UTC,7567106,0x739f4e951e28aae19ad3a1eb5fac28df33bfa76797ec9285262cae4ebeeaa815
50,0x70531710def9a739988291d31483acb0c3fa04171b89d9696b251284c3e43f32,43,0x28c69cd429f785954ae4b0263db4d9871c033ca7,0x000000000000000000000000000000000000000000000000c93a592cfb2a0000,"[0xddf252ad1be2c89b69c2b068fc378daa952ba7f163c4a11628f55a4df523b3ef,0x000000000000000000000000120941e0579a3fcb414bc24ae5f25803246c39fa,,]",2019-04-14 16:19:35 UTC,7567106,0x739f4e951e28aae19ad3a1eb5fac28df33bfa76797ec9285262cae4ebeeaa815
51,0x66b2e924d4ad717d094f0352eff4c44ceffdf44efab5cda07a4806056565ba5a,45,0x28c69cd429f785954ae4b0263db4d9871c033ca7,0x000000000000000000000000000000000000000000000001a055690d9db80000,"[0xddf252ad1be2c89b69c2b068fc378daa952ba7f163c4a11628f55a4df523b3ef,0x000000000000000000000000a8d9f437f429f4cb08a4ee187255a1e8b87dd229,,]",2019-04-14 16:19:35 UTC,7567106,0x739f4e951e28aae19ad3a1eb5fac28df33bfa76797ec9285262cae4ebeeaa815
52,0x3cba5ab8537d3e00e97439ba1ac12b1af0c77d86ac8d73d2127df406855089e4,49,0xebbdf302c940c6bfd49c6b165f457fdb324649bc,0x0000000000000000000000000000000000000000000000000de0b6b3a7640000,"[0xddf252ad1be2c89b69c2b068fc378daa952ba7f163c4a11628f55a4df523b3ef,0x000000000000000000000000fbb1b73c4f0bda4f67dca266ce6ef42f520fbb98,,]",2019-04-14 16:19:35 UTC,7567106,0x739f4e951e28aae19ad3a1eb5fac28df33bfa76797ec9285262cae4ebeeaa815
53,0x3cba5ab8537d3e00e97439ba1ac12b1af0c77d86ac8d73d2127df406855089e4,49,0xa3c1e324ca1ce40db73ed6026c4a177f099b5770,0x0000000000000000000000000000000000000000000000000de0b6b3a7640000,"[0xa64da754fccf55aa65a1f0128a648633fade3884b236e879ee9f64c78df5d5d7,0x000000000000000000000000fbb1b73c4f0bda4f67dca266ce6ef42f520fbb98,0x000000000000000000000000ebbdf302c940c6bfd49c6b165f457fdb324649bc,]",2019-04-14 16:19:35 UTC,7567106,0x739f4e951e28aae19ad3a1eb5fac28df33bfa76797ec9285262cae4ebeeaa815
54,0x61436d19fcec0e0e5fc993577b92ac744fba1cd88b26fb807df8571e8c179b2d,50,0xa3c1e324ca1ce40db73ed6026c4a177f099b5770,0x0000000000000000000000000000000000000000000000000f4549d698f55c00,"[0xa64da754fccf55aa65a1f0128a648633fade3884b236e879ee9f64c78df5d5d7,0x000000000000000000000000fbb1b73c4f0bda4f67dca266ce6ef42f520fbb98,0x0000000000000000000000000000000000000000000000000000000000000000,]",2019-04-14 16:19:35 UTC,7567106,0x739f4e951e28aae19ad3a1eb5fac28df33bfa76797ec9285262cae4ebeeaa815
55,0x2e2e6c7abc23b9ee3a3e2aed9b5402e3a1192ea9c5cca1c95d0afa5a9ec817d6,51,0xa15c7ebe1f07caf6bff097d8a589fb8ac49ae5b3,0x0000000000000000000000000000000000000000000014e077582a63b2f00000,"[0xddf252ad1be2c89b69c2b068fc378daa952ba7f163c4a11628f55a4df523b3ef,0x000000000000000000000000792b308c0f40fc569f0ad625039af651bd2f6a54,,]",2019-04-14 16:19:35 UTC,7567106,0x739f4e951e28aae19ad3a1eb5fac28df33bfa76797ec9285262cae4ebeeaa815
19,0xd244cf8ac8b07748fc1448148664309e92d1db61ee36c6fffb7333aded33a1b0,23,0xceec7aaa57e3a77c73a9954b9b7d5b32ab688318,0x000000000000000000000000420e54f86d150ee5c63c303f32687d4249454fa200000000000000000000000040b469b080c4b034091448d0e59880d823b2fc1800000000000000000000000040b469b080c4b034091448d0e59880d823b2fc18c8c19f5430a9f1d007b4787b86bda1a3365dbb5d339a6e269975994283923e72,"[0x53931139c48182587fa8ce0ac76dd9cd86655899a636bffdce8138a0cdb2c1b5,,,]",2019-04-14 16:19:35 UTC,7567106,0x739f4e951e28aae19ad3a1eb5fac28df33bfa76797ec9285262cae4ebeeaa815
20,0x9775c7da72b7135265b26b05df19ba1fb8680b3d5cef562f943d6a50e5de5e4f,24,0xb63b606ac810a52cca15e44bb630fd42d8d1d83d,0x000000000000000000000000000000000000000000000000000000000ee6b280,"[0xddf252ad1be2c89b69c2b068fc378daa952ba7f163c4a11628f55a4df523b3ef,0x0000000000000000000000009049eeefc38d739cfa72fdd962b716a038aba35a,,]",2019-04-14 16:19:35 UTC,7567106,0x739f4e951e28aae19ad3a1eb5fac28df33bfa76797ec9285262cae4ebeeaa815
21,0xc8e8ecd52b4cd47b3baf9bfadde70605a7436480decc3dd1749ffa2473d56148,27,0x514910771af9ca656af840dff83e8264ecf986ca,0x00000000000000000000000000000000000000000000021efcbbb3e3db6cd800,"[0xddf252ad1be2c89b69c2b068fc378daa952ba7f163c4a11628f55a4df523b3ef,0x0000000000000000000000009dba3a4906053494ade611ec9e958ececd82ba3b,,]",2019-04-14 16:19:35 UTC,7567106,0x739f4e951e28aae19ad3a1eb5fac28df33bfa76797ec9285262cae4ebeeaa815
22,0x8496b91bab1f03bc447b954d81993e845f8ba55bea62c150a4b199d8f649ea90,29,0x3f17dd476faf0a4855572f0b6ed5115d9bba22ad,0x000000000000000000000000000000000000000000000000000000006127d380,"[0xddf252ad1be2c89b69c2b068fc378daa952ba7f163c4a11628f55a4df523b3ef,0x00000000000000000000000060f36e8863d93440ec6c584567cbea3ce76d0232,,]",2019-04-14 16:19:35 UTC,7567106,0x739f4e951e28aae19ad3a1eb5fac28df33bfa76797ec9285262cae4ebeeaa815
23,0x8496b91bab1f03bc447b954d81993e845f8ba55bea62c150a4b199d8f649ea90,29,0x3f17dd476faf0a4855572f0b6ed5115d9bba22ad,0x00000000000000000000000000000000000000000000000000000025f38e9e00,"[0xddf252ad1be2c89b69c2b068fc378daa952ba7f163c4a11628f55a4df523b3ef,0x000000000000000000000000021c4cc3e552c7bb39e7701de57971b405eec49b,,]",2019-04-14 16:19:35 UTC,7567106,0x739f4e951e28aae19ad3a1eb5fac28df33bfa76797ec9285262cae4ebeeaa815
24,0x8496b91bab1f03bc447b954d81993e845f8ba55bea62c150a4b199d8f649ea90,29,0xd077c09a7e65c4cca490a776d5e395fb4fe7179a,0x,"[0xcc3f610635149ab98af5df8f627c661ab8d314e273ae1ab29a88bac48d90b68e,0x000000000000000000000000021c4cc3e552c7bb39e7701de57971b405eec49b,,]",2019-04-14 16:19:35 UTC,7567106,0x739f4e951e28aae19ad3a1eb5fac28df33bfa76797ec9285262cae4ebeeaa815
25,0xc562693050345cf03c182236ed7252f58f89ef6c44e279b6e1b7b05eb8be8472,31,0xd1ceeeeee83f8bcf3bedad437202b6154e9f5405,0x00000000000000000000000000000000000000000000000000d1f7230a39c000,"[0xd4f43975feb89f48dd30cabbb32011045be187d1e11c8ea9faa43efc35282519,,,]",2019-04-14 16:19:35 UTC,7567106,0x739f4e951e28aae19ad3a1eb5fac28df33bfa76797ec9285262cae4ebeeaa815
26,0xfea386fea55cb54ebd667b8aff01a0cb01d4af7e0c8c86fe496d24ad3c37c747,32,0xd1ceeeeee83f8bcf3bedad437202b6154e9f5405,0x00000000000000000000000000000000000000000000000003acfd30f7c08a60,"[0xd4f43975feb89f48dd30cabbb32011045be187d1e11c8ea9faa43efc35282519,,,]",2019-04-14 16:19:35 UTC,7567106,0x739f4e951e28aae19ad3a1eb5fac28df33bfa76797ec9285262cae4ebeeaa815
18,0x0dd65341466d7347060c7a5768fbf625b85f21f9d97b627f120240395963fc45,22,0xceec7aaa57e3a77c73a9954b9b7d5b32ab688318,0x0000000000000000000000000239f2f945e8692d6c708534a3db7d500998b00000000000000000000000000040b469b080c4b034091448d0e59880d823b2fc1800000000000000000000000040b469b080c4b034091448d0e59880d823b2fc18f0cbdcbee757bf7483f0e071f20bd9a0dd8cd92ab528643e5333cd607b794461,"[0x53931139c48182587fa8ce0ac76dd9cd86655899a636bffdce8138a0cdb2c1b5,,,]",2019-04-14 16:19:35 UTC,7567106,0x739f4e951e28aae19ad3a1eb5fac28df33bfa76797ec9285262cae4ebeeaa815
56,0x1be53094154d5a68cda9db98df3d846214d90f381b73137040c94d2bee54625f,54,0xbfd6b15eabeb62a014a5b7ac0a1aa32a797fbc35,0x000000000000000000000000000000000000000000000000000000000000004000000000000000000000000000000000000000000000000000000000000000a0000000000000000000000000000000000000000000000000000000000000002431373132383930612d343064342d343436662d396463362d30653464356663623332633400000000000000000000000000000000000000000000000000000000000000000000000000000000000000000000000000000000000000000000004035396635303130356561393061373538376538386565303033393336616635353936383339613866386566643466303262623366356130326562323637393365,"[0x87852d395eb7147510da873a3887e20386fc1c198e246131023e8467972847a7,0x3539663530313035656139306137353837653838656530303339333661663535,,]",2019-04-14 16:19:35 UTC,7567106,0x739f4e951e28aae19ad3a1eb5fac28df33bfa76797ec9285262cae4ebeeaa815
57,0xed65965e4f8d4935ab01325542388fd72508d1ede773cf95ed02b18e46ecc9b7,55,0x9827f6e8df0ccc584ff7b37144de8bac7c446385,0x0000000000000000000000000000000000000000000000008aa39c121a270000,"[0xddf252ad1be2c89b69c2b068fc378daa952ba7f163c4a11628f55a4df523b3ef,0x0000000000000000000000001b2f8777b1fff493664f97e5b84e6bbd92b1477b,,]",2019-04-14 16:19:35 UTC,7567106,0x739f4e951e28aae19ad3a1eb5fac28df33bfa76797ec9285262cae4ebeeaa815
58,0xe822541eb10905ed42938780cc338382bf79261348aeecd8c1115475d16d4a0a,56,0xdac17f958d2ee523a2206206994597c13d831ec7,0x0000000000000000000000000000000000000000000000000000000097b111a8,"[0xddf252ad1be2c89b69c2b068fc378daa952ba7f163c4a11628f55a4df523b3ef,0x000000000000000000000000b6745aa21efe293dc6da33f0e517b19772b63cff,,]",2019-04-14 16:19:35 UTC,7567106,0x739f4e951e28aae19ad3a1eb5fac28df33bfa76797ec9285262cae4ebeeaa815
59,0x9a8aabde805bdce886e558ec4417d07a3f4e276c80b5277d817696a298162ba7,57,0x8e766f57f7d16ca50b4a0b90b88f6468a09b0439,0x0000000000000000000000000000000000000000000000564e499a4c5a210000,"[0xddf252ad1be2c89b69c2b068fc378daa952ba7f163c4a11628f55a4df523b3ef,0x00000000000000000000000099fac11a2dd0a81479e60cb52d951e0fe6767a1c,,]",2019-04-14 16:19:35 UTC,7567106,0x739f4e951e28aae19ad3a1eb5fac28df33bfa76797ec9285262cae4ebeeaa815
60,0xa30ac5d643fbca3880c823a88879ac71343509b57d0fad79bcf41076a52b8dd7,59,0x60d988739381d055ba9863154ad8cf2123031f88,0x000000000000000000000000000000000000000000000000415d480b9c170000,"[0xddf252ad1be2c89b69c2b068fc378daa952ba7f163c4a11628f55a4df523b3ef,0x0000000000000000000000008a7f484a9d8f99aafeaff1e90e16b93312b6d192,,]",2019-04-14 16:19:35 UTC,7567106,0x739f4e951e28aae19ad3a1eb5fac28df33bfa76797ec9285262cae4ebeeaa815
61,0xa30ac5d643fbca3880c823a88879ac71343509b57d0fad79bcf41076a52b8dd7,59,0x60d988739381d055ba9863154ad8cf2123031f88,0x000000000000000000000000000000000000000000000000415d480b9c170000,"[0xddf252ad1be2c89b69c2b068fc378daa952ba7f163c4a11628f55a4df523b3ef,0x0000000000000000000000000f55671aadbe28bec68511eed77d3b5cf3d36c22,,]",2019-04-14 16:19:35 UTC,7567106,0x739f4e951e28aae19ad3a1eb5fac28df33bfa76797ec9285262cae4ebeeaa815
62,0xa30ac5d643fbca3880c823a88879ac71343509b57d0fad79bcf41076a52b8dd7,59,0x60d988739381d055ba9863154ad8cf2123031f88,0x0000000000000000000000000000000000000000000000000d12a802526b0000,"[0xddf252ad1be2c89b69c2b068fc378daa952ba7f163c4a11628f55a4df523b3ef,0x00000000000000000000000007391c805849a1ea9235d65d0a829211a36fa62a,,]",2019-04-14 16:19:35 UTC,7567106,0x739f4e951e28aae19ad3a1eb5fac28df33bfa76797ec9285262cae4ebeeaa815
63,0xa30ac5d643fbca3880c823a88879ac71343509b57d0fad79bcf41076a52b8dd7,59,0x60d988739381d055ba9863154ad8cf2123031f88,0x00000000000000000000000000000000000000000000000009cdfe01bdd04000,"[0xddf252ad1be2c89b69c2b068fc378daa952ba7f163c4a11628f55a4df523b3ef,0x000000000000000000000000cd37bc8ad3edc3ac9614f344e59434ca57832e0c,,]",2019-04-14 16:19:35 UTC,7567106,0x739f4e951e28aae19ad3a1eb5fac28df33bfa76797ec9285262cae4ebeeaa815
64,0xa30ac5d643fbca3880c823a88879ac71343509b57d0fad79bcf41076a52b8dd7,59,0x60d988739381d055ba9863154ad8cf2123031f88,0x0000000000000000000000000000000000000000000000000689540129358000,"[0xddf252ad1be2c89b69c2b068fc378daa952ba7f163c4a11628f55a4df523b3ef,0x000000000000000000000000bb8c458135f5df91f1ea7bfcb9ac35638b62f1cb,,]",2019-04-14 16:19:35 UTC,7567106,0x739f4e951e28aae19ad3a1eb5fac28df33bfa76797ec9285262cae4ebeeaa815
65,0xa30ac5d643fbca3880c823a88879ac71343509b57d0fad79bcf41076a52b8dd7,59,0x60d988739381d055ba9863154ad8cf2123031f88,0x0000000000000000000000000000000000000000000000000344aa00949ac000,"[0xddf252ad1be2c89b69c2b068fc378daa952ba7f163c4a11628f55a4df523b3ef,0x0000000000000000000000008a6675d3ca727751b16ddc6bf572dd60af6ae39b,,]",2019-04-14 16:19:35 UTC,7567106,0x739f4e951e28aae19ad3a1eb5fac28df33bfa76797ec9285262cae4ebeeaa815
66,0xa30ac5d643fbca3880c823a88879ac71343509b57d0fad79bcf41076a52b8dd7,59,0x60d988739381d055ba9863154ad8cf2123031f88,0x0000000000000000000000000000000000000000000000000344aa00949ac000,"[0xddf252ad1be2c89b69c2b068fc378daa952ba7f163c4a11628f55a4df523b3ef,0x00000000000000000000000066ba4d733c60116a5c217f51f8dc414230334d23,,]",2019-04-14 16:19:35 UTC,7567106,0x739f4e951e28aae19ad3a1eb5fac28df33bfa76797ec9285262cae4ebeeaa815
67,0xa30ac5d643fbca3880c823a88879ac71343509b57d0fad79bcf41076a52b8dd7,59,0x60d988739381d055ba9863154ad8cf2123031f88,0x0000000000000000000000000000000000000000000000000344aa00949ac000,"[0xddf252ad1be2c89b69c2b068fc378daa952ba7f163c4a11628f55a4df523b3ef,0x000000000000000000000000eb7f1e20361ae5665128449ccf2ef7aa86a7256c,,]",2019-04-14 16:19:35 UTC,7567106,0x739f4e951e28aae19ad3a1eb5fac28df33bfa76797ec9285262cae4ebeeaa815
68,0xa30ac5d643fbca3880c823a88879ac71343509b57d0fad79bcf41076a52b8dd7,59,0x60d988739381d055ba9863154ad8cf2123031f88,0x0000000000000000000000000000000000000000000000000344aa00949ac000,"[0xddf252ad1be2c89b69c2b068fc378daa952ba7f163c4a11628f55a4df523b3ef,0x00000000000000000000000059fdf4c0920ba6882a5148ffcc992c29c55710df,,]",2019-04-14 16:19:35 UTC,7567106,0x739f4e951e28aae19ad3a1eb5fac28df33bfa76797ec9285262cae4ebeeaa815
69,0x1df495bc5d68415260063bcdf6be8e7c8b06be61645c7d2a2dc04756b04258da,60,0xdc31e4632e88e52688964ced249e780ac9eb57d0,0x000000000000000000000000000000000000000000000000000003a352944000,"[0xddf252ad1be2c89b69c2b068fc378daa952ba7f163c4a11628f55a4df523b3ef,0x0000000000000000000000007916cdab0cd211b5cb7b01a064ef06e009b81e44,,]",2019-04-14 16:19:35 UTC,7567106,0x739f4e951e28aae19ad3a1eb5fac28df33bfa76797ec9285262cae4ebeeaa815
44,0xc2cf234b160d46e194c64faccfff249eba239736dd33b23dc7c92d882a7f3c32,37,0x0c073c92e7684031cfc297b83ecc33619e864d18,0x0000000000000000000000005c7ab6db8c0df44fbb45e5ffdcc7045a70662267b4e8f93f0df82c8a4c926e1cd18cfa60603e50f9c335cb7b3f1aaac799ee21800000000000000000000000000000000000000000000000000000000000000000000000000000000000000000000000000000000000000000000000000000008000000000000000000000000000000000000000000000000000000000000000077061796d656e7400000000000000000000000000000000000000000000000000,"[0xe0be3e380b9d096e907f7ef72465cfc68009c6e3e00d00799c10f946785b1b24,,,]",2019-04-14 16:19:35 UTC,7567106,0x739f4e951e28aae19ad3a1eb5fac28df33bfa76797ec9285262cae4ebeeaa815
45,0xf8d31c7d820c524dde72380cabc6db13a3feeae1d21a5eb76645ff43e8a6d13a,38,0x174bfa6600bf90c885c7c01c7031389ed1461ab9,0x0000000000000000000000000000000000000000000000003782dace9d900000,"[0xddf252ad1be2c89b69c2b068fc378daa952ba7f163c4a11628f55a4df523b3ef,0x000000000000000000000000b99d215bf5f7abb43e4b860dece38373f1af8960,,]",2019-04-14 16:19:35 UTC,7567106,0x739f4e951e28aae19ad3a1eb5fac28df33bfa76797ec9285262cae4ebeeaa815
46,0x96e93a7c1129027140ea357c495a19866646b3e1400989ef4299eb521136f7f0,39,0x174bfa6600bf90c885c7c01c7031389ed1461ab9,0x0000000000000000000000000000000000000000000000003782dace9d900000,"[0xddf252ad1be2c89b69c2b068fc378daa952ba7f163c4a11628f55a4df523b3ef,0x00000000000000000000000033ad69010f2e2bb804fb8a4a1279e55f8a0e145f,,]",2019-04-14 16:19:35 UTC,7567106,0x739f4e951e28aae19ad3a1eb5fac28df33bfa76797ec9285262cae4ebeeaa815
47,0x39b00a662a40c1e61245ea380687044c2c80c0b94b848a75ee8c6bf330d1ba70,40,0x4a63d5a02399aac27e50b990c1cebda4755ff4ec,0x00000000000000000000000000000000000000000000000002d3e31bfa64e626000000000000000000000000000000000000000000000000000000005cb35d97,"[0xda9a10d7b992511ddadbfc7ff712c1424ce2058bbcdac8c9876d6f8de590d43f,,,]",2019-04-14 16:19:35 UTC,7567106,0x739f4e951e28aae19ad3a1eb5fac28df33bfa76797ec9285262cae4ebeeaa815
48,0x5a26bc9b5ac59a797669cc71faec5c8a5af90e100ef37454855ec04801f12481,41,0xab014858716f1010de51401c5e149bfac25f91b6,0x0000000000000000000000000000000000000000000000001bc16d674ec80000,"[0xddf252ad1be2c89b69c2b068fc378daa952ba7f163c4a11628f55a4df523b3ef,0x000000000000000000000000ed2ad68e66e3a3de2436f0bf18f74c0f77a514a2,,]",2019-04-14 16:19:35 UTC,7567106,0x739f4e951e28aae19ad3a1eb5fac28df33bfa76797ec9285262cae4ebeeaa815
49,0x870e5aae82abfefcbbe90a34eff8abbe1cb9a29426fe19031a199d79591ec4eb,42,0x28c69cd429f785954ae4b0263db4d9871c033ca7,0x0000000000000000000000000000000000000000000000004563918244f40000,"[0xddf252ad1be2c89b69c2b068fc378daa952ba7f163c4a11628f55a4df523b3ef,0x000000000000000000000000c46c05d8528bf4c7f818df987a3800e6d652988b,,]",2019-04-14 16:19:35 UTC,7567106,0x739f4e951e28aae19ad3a1eb5fac28df33bfa76797ec9285262cae4ebeeaa815
70,0x332d258c69c34f4848b600fc0bc41a867715fd168ba0c759e6122adf7b722100,64,0xfa52274dd61e1643d2205169732f29114bc240b3,0x0000000000000000000000000000000000000000000000001adf921479ea44c0,"[0x56b138798bd325f6cc79f626c4644aa2fd6703ecb0ab0fb168f883caed75bf32,0x000000000000000000000000267be1c1d684f78cb4f6a176c4911b741e4ffdc0,,]",2019-04-14 16:19:35 UTC,7567106,0x739f4e951e28aae19ad3a1eb5fac28df33bfa76797ec9285262cae4ebeeaa815
71,0xc374e272f5d6a291b02bdb64305bbacfd422e158a680aafea77a88d0fec00919,65,0xdecf7be29f8832e9c2ddf0388c9778b8ba76af43,0x0000000000000000000000000000000000000000000001b32500b3219c8c0000,"[0xddf252ad1be2c89b69c2b068fc378daa952ba7f163c4a11628f55a4df523b3ef,0x000000000000000000000000bb9cb507186f52d0d9a98c8a5ec10655cd15378f,,]",2019-04-14 16:19:35 UTC,7567106,0x739f4e951e28aae19ad3a1eb5fac28df33bfa76797ec9285262cae4ebeeaa815
72,0xbd1cd8e5ce6d7c95627ac133dfc1dfea9e57e7dca6243cffe562acd45f2aab83,68,0x174bfa6600bf90c885c7c01c7031389ed1461ab9,0x0000000000000000000000000000000000000000000000001bc16d674ec80000,"[0xddf252ad1be2c89b69c2b068fc378daa952ba7f163c4a11628f55a4df523b3ef,0x000000000000000000000000906fa5499aa37da677db8ebbf2f20014e1375640,,]",2019-04-14 16:19:35 UTC,7567106,0x739f4e951e28aae19ad3a1eb5fac28df33bfa76797ec9285262cae4ebeeaa815
73,0x1acdeabd316b7175c34da490500931e201efd8d1cf7052615b9647fec7684532,69,0x174bfa6600bf90c885c7c01c7031389ed1461ab9,0x0000000000000000000000000000000000000000000000001bc16d674ec80000,"[0xddf252ad1be2c89b69c2b068fc378daa952ba7f163c4a11628f55a4df523b3ef,0x00000000000000000000000011ddd3e795b59efc8d3838a9f36087a071692a39,,]",2019-04-14 16:19:35 UTC,7567106,0x739f4e951e28aae19ad3a1eb5fac28df33bfa76797ec9285262cae4ebeeaa815
74,0x277f5d55b96e9f91632d4ecf7e36f2b6ddce927996dd55d30f92511deaaa1321,70,0x03cb0021808442ad5efb61197966aef72a1def96,0x0000000000000000000000000000000000000000000000000254db1c22440000,"[0xddf252ad1be2c89b69c2b068fc378daa952ba7f163c4a11628f55a4df523b3ef,0x00000000000000000000000003cb0021808442ad5efb61197966aef72a1def96,,]",2019-04-14 16:19:35 UTC,7567106,0x739f4e951e28aae19ad3a1eb5fac28df33bfa76797ec9285262cae4ebeeaa815
75,0x277f5d55b96e9f91632d4ecf7e36f2b6ddce927996dd55d30f92511deaaa1321,70,0x03cb0021808442ad5efb61197966aef72a1def96,0x0000000000000000000000000000000000000000000000000254db1c22440000,"[0xddf252ad1be2c89b69c2b068fc378daa952ba7f163c4a11628f55a4df523b3ef,0x0000000000000000000000000000000000000000000000000000000000000000,,]",2019-04-14 16:19:35 UTC,7567106,0x739f4e951e28aae19ad3a1eb5fac28df33bfa76797ec9285262cae4ebeeaa815
76,0x20cf91821a451dc54526a2427132b709db1cc7c86717177be4ae461f9272d0ea,71,0xf0155486a14539f784739be1c02e93f28eb8e960,0x000000000000000000000000000000000000000000000000000000000000000100000000000000000000000000000000000000000000000000000000000000060000000000000000000000000000000000000000000000000000000000000000000000000000000000000000000000000000000000000000000000000000000000000000000000000000000000000000000000000000000000000000000000000000000000000000000000000000000000000000000000000000000000000d730000000000000000000000000000000000000000000000000000000000000a40000000000000000000000000000000000000000000000000000000000000000000000000000000000000000000000000000000000000000000000000000000000000000000000000000000000000000000000000000000000000000000000000,"[0x2e51558d39b69d76740586d9696240e618222247ce2e77da8a19403029e1b476,0x0000000000000000000000000000000000000000000000000000000000000002,0x000000000000000000000000000000000000000000000000000000000000bded,]",2019-04-14 16:19:35 UTC,7567106,0x739f4e951e28aae19ad3a1eb5fac28df33bfa76797ec9285262cae4ebeeaa815
104,0x5ae8d7055e2d0ec6e679dcefd89543f228a8bbba3e753b4cfb300b4b83ed6ef8,113,0x006bea43baa3f7a6f765f14f10a1a1b08334ef45,0x00000000000000000000000000000000000000000000001aea67a86602190000,"[0xddf252ad1be2c89b69c2b068fc378daa952ba7f163c4a11628f55a4df523b3ef,0x0000000000000000000000006f31d347457962c9811ff953742870ef5a755de3,,]",2019-04-14 16:19:35 UTC,7567106,0x739f4e951e28aae19ad3a1eb5fac28df33bfa76797ec9285262cae4ebeeaa815
105,0xbb739779937b7b21d1d2925a9c487241c9a754b8003e84538ad2f5c72c496ef3,115,0x6f919d67967a97ea36195a2346d9244e60fe0ddb,0x00000000000000000000000000000000000000000000001444e7a4fe2e8e0000,"[0xddf252ad1be2c89b69c2b068fc378daa952ba7f163c4a11628f55a4df523b3ef,0x000000000000000000000000486f017a0ffe9cb57dd9f0a262d80699e8347bee,,]",2019-04-14 16:19:35 UTC,7567106,0x739f4e951e28aae19ad3a1eb5fac28df33bfa76797ec9285262cae4ebeeaa815
106,0x58d63702738673915a6e8ffa83b209a20993caab2c55f7fa8545a22b237bd97d,116,0xdb25f211ab05b1c97d595516f45794528a807ad8,0x000000000000000000000000000000000000000000000000000000000000005d,"[0xddf252ad1be2c89b69c2b068fc378daa952ba7f163c4a11628f55a4df523b3ef,0x00000000000000000000000085819a8f15335b53456cc8c83d684ec800e9c069,,]",2019-04-14 16:19:35 UTC,7567106,0x739f4e951e28aae19ad3a1eb5fac28df33bfa76797ec9285262cae4ebeeaa815
107,0x58d63702738673915a6e8ffa83b209a20993caab2c55f7fa8545a22b237bd97d,116,0xdb25f211ab05b1c97d595516f45794528a807ad8,0x0000000000000000000000000000000000000000000000000000000000000032,"[0xddf252ad1be2c89b69c2b068fc378daa952ba7f163c4a11628f55a4df523b3ef,0x00000000000000000000000070250fcfef983c9b912c8eefb7021b4b7bae836e,,]",2019-04-14 16:19:35 UTC,7567106,0x739f4e951e28aae19ad3a1eb5fac28df33bfa76797ec9285262cae4ebeeaa815
108,0xe56ce3ce04eca6b4030c00f96ccdaa91165b630cc545916e09012cc98f2ab54c,117,0x2c58b11405a6a8154fd3bbc4ccaa43924f2be769,0x000000000000000000000000e468ab76c8f70549ff63d2e0ed5d0bbea4a14f5900000000000000000000000000000000000000000000000000000000000000000000000000000000000000000000000000000000000000000827ced20f08ef0a000000000000000000000000000000000000000000000000000000005cb35d97,"[0x8f36579a548bc439baa172a6521207464154da77f411e2da3db2f53affe6cc3a,,,]",2019-04-14 16:19:35 UTC,7567106,0x739f4e951e28aae19ad3a1eb5fac28df33bfa76797ec9285262cae4ebeeaa815
109,0x2945234056d16af92e4e42c50b54d78494d778b0ebb1a26312b1aa27f905de7e,118,0x0abdace70d3790235af448c88547603b945604ea,0x0000000000000000000000000000000000000000000000d36b5f58ea17700000,"[0xddf252ad1be2c89b69c2b068fc378daa952ba7f163c4a11628f55a4df523b3ef,0x0000000000000000000000000efea8d4b173a2a32840293f0223f9486f6b3c6d,,]",2019-04-14 16:19:35 UTC,7567106,0x739f4e951e28aae19ad3a1eb5fac28df33bfa76797ec9285262cae4ebeeaa815
110,0x3aae0b65070ef17e149f265e345caf1fecf85591da89328a12607edac010b334,121,0x174bfa6600bf90c885c7c01c7031389ed1461ab9,0x00000000000000000000000000000000000000000000000029a2241af62c0000,"[0xddf252ad1be2c89b69c2b068fc378daa952ba7f163c4a11628f55a4df523b3ef,0x0000000000000000000000008c4a3add8cb7a46c25877c800b9534e41bf39f47,,]",2019-04-14 16:19:35 UTC,7567106,0x739f4e951e28aae19ad3a1eb5fac28df33bfa76797ec9285262cae4ebeeaa815
111,0x898f3dfff60f55d67887a3087d885769c89198b52e0511127fe48b132f559efa,122,0x174bfa6600bf90c885c7c01c7031389ed1461ab9,0x0000000000000000000000000000000000000000000000001bc16d674ec80000,"[0xddf252ad1be2c89b69c2b068fc378daa952ba7f163c4a11628f55a4df523b3ef,0x000000000000000000000000d9fad42e237aac6c71f9783d840b82cfa9d47df9,,]",2019-04-14 16:19:35 UTC,7567106,0x739f4e951e28aae19ad3a1eb5fac28df33bfa76797ec9285262cae4ebeeaa815
93,0x7c5f981ec684ff1d9a9ea87959aeb5f8053ffc61e54cf4886b049f3cf8b778a5,94,0xd1ceeeeee83f8bcf3bedad437202b6154e9f5405,0xcb6ac337d741a57da6dbdb51c20cacf529b2e67a53d7ba14c303c296f3f3bc56,"[0x5bdd2fc99022530157777690475b670d3872f32262eb1d47d9ba8000dad58f87,,,]",2019-04-14 16:19:35 UTC,7567106,0x739f4e951e28aae19ad3a1eb5fac28df33bfa76797ec9285262cae4ebeeaa815
94,0xcb51c651f15af6f541a598bf1777c351e4f413f957b75a933b965a081e918ea5,95,0xd1ceeeeee83f8bcf3bedad437202b6154e9f5405,0xfb49b2b796ed1bb73d7d3e28d54434c41e8ae1ec6ce20e11ada6c3ce900e8368,"[0x5bdd2fc99022530157777690475b670d3872f32262eb1d47d9ba8000dad58f87,,,]",2019-04-14 16:19:35 UTC,7567106,0x739f4e951e28aae19ad3a1eb5fac28df33bfa76797ec9285262cae4ebeeaa815
95,0x0465a8a7211f27cae81ea810fe00672ad4b6f7488e15ac42af19cbbca3f21aeb,97,0x8971f9fd7196e5cee2c1032b50f656855af7dd26,0x0000000000000000000000000000000000000000000000008ac7230489e80000,"[0xddf252ad1be2c89b69c2b068fc378daa952ba7f163c4a11628f55a4df523b3ef,0x00000000000000000000000081e50e57781c431f6b3a23706359e707ce53d4d6,,]",2019-04-14 16:19:35 UTC,7567106,0x739f4e951e28aae19ad3a1eb5fac28df33bfa76797ec9285262cae4ebeeaa815
96,0x0f199de09117503ed1a67dd5354a03f5b43508bdd1d37a3ffd5bfdfa02ad2747,98,0x8c9b261faef3b3c2e64ab5e58e04615f8c788099,0x,"[0xddf252ad1be2c89b69c2b068fc378daa952ba7f163c4a11628f55a4df523b3ef,0x000000000000000000000000918a0701586363066b3933210eff369ed4e1bb94,0x0000000000000000000000000000000000000000000000000000000000017877,]",2019-04-14 16:19:35 UTC,7567106,0x739f4e951e28aae19ad3a1eb5fac28df33bfa76797ec9285262cae4ebeeaa815
97,0x0f199de09117503ed1a67dd5354a03f5b43508bdd1d37a3ffd5bfdfa02ad2747,98,0xe7232a9fd8bf427aa41918bc008d32290e22990e,0x0000000000000000000000000000000000000000000000000000000000017877000000000000000000000000918a0701586363066b3933210eff369ed4e1bb94,"[0xd9e530acb8429c8e5337d9d3230e4cc7d742e32c2fc8d76608c19f2e1701ed04,,,]",2019-04-14 16:19:35 UTC,7567106,0x739f4e951e28aae19ad3a1eb5fac28df33bfa76797ec9285262cae4ebeeaa815
98,0x3d0f581c035321d34e3f7762710997a3dc834c38dc28fa93c4d92eba7f05a9ac,99,0x174bfa6600bf90c885c7c01c7031389ed1461ab9,0x00000000000000000000000000000000000000000000000029a2241af62c0000,"[0xddf252ad1be2c89b69c2b068fc378daa952ba7f163c4a11628f55a4df523b3ef,0x000000000000000000000000fe6b9afc08d6405bbf3b61d7e56e0e7857ded8ed,,]",2019-04-14 16:19:35 UTC,7567106,0x739f4e951e28aae19ad3a1eb5fac28df33bfa76797ec9285262cae4ebeeaa815
99,0x781c0942028acf62fe11f8484ed275ac8d7d068e7b04fdfa33c5fc07c7fadbe7,100,0x174bfa6600bf90c885c7c01c7031389ed1461ab9,0x0000000000000000000000000000000000000000000000003782dace9d900000,"[0xddf252ad1be2c89b69c2b068fc378daa952ba7f163c4a11628f55a4df523b3ef,0x000000000000000000000000cc822109082ab130ae2003801b037c39c09b66a4,,]",2019-04-14 16:19:35 UTC,7567106,0x739f4e951e28aae19ad3a1eb5fac28df33bfa76797ec9285262cae4ebeeaa815
100,0x03ec9f61b2a438119c4815f451c80488964c94c6b249904aadec4f40c5c0748b,105,0xd01c92937400dd1ece24992b1dc44aeaa47ae72a,0x0000000000000000000000008df9072f4f1a43e78b419808fd5c9e5d304beda1000000000000000000000000000000000000000000000000000706fb035da000,"[0x69d8ef4af6b253bc5befb88d3f648efada0f0e5d4550764eaa18b633342b1cba,,,]",2019-04-14 16:19:35 UTC,7567106,0x739f4e951e28aae19ad3a1eb5fac28df33bfa76797ec9285262cae4ebeeaa815
101,0xcdc94a100b7281d6fb7276b3958d844b74bec37fbd81aa6212f0cb52b3291552,109,0xd8698a985b89650d0a70f99ad2909bd0c0b4b51c,0x0000000000000000000000000000000000000000000000015af1d78b58c40000,"[0xddf252ad1be2c89b69c2b068fc378daa952ba7f163c4a11628f55a4df523b3ef,0x000000000000000000000000e17ee7b3c676701c66b395a35f0df4c2276a344e,,]",2019-04-14 16:19:35 UTC,7567106,0x739f4e951e28aae19ad3a1eb5fac28df33bfa76797ec9285262cae4ebeeaa815
102,0x1ef3b0ffb16746861da8fb1ba1075af1b1e147dc590a147767daab991ffcd3cd,111,0xe01dd5ee7dfbb48baf94b1c885faaa5bc6bbd70a,0x00000000000000000000000000000000000000000000000000000295e7107c80,"[0xddf252ad1be2c89b69c2b068fc378daa952ba7f163c4a11628f55a4df523b3ef,0x0000000000000000000000009cd3e40e21e42039a8749b3b8b96fd9629d28088,,]",2019-04-14 16:19:35 UTC,7567106,0x739f4e951e28aae19ad3a1eb5fac28df33bfa76797ec9285262cae4ebeeaa815
103,0xfa1dc51d97a9910db467ed9b82fed440d103ad6882f8bbd4de78eac3fc6fd6a7,112,0x8e870d67f660d95d5be530380d0ec0bd388289e1,0x000000000000000000000000000000000000000000000a96738339f1d3dc0000,"[0xddf252ad1be2c89b69c2b068fc378daa952ba7f163c4a11628f55a4df523b3ef,0x000000000000000000000000f05e2a70346560d3228c7002194bb7c5dc8fe100,,]",2019-04-14 16:19:35 UTC,7567106,0x739f4e951e28aae19ad3a1eb5fac28df33bfa76797ec9285262cae4ebeeaa815
85,0xb137484ddf4ab09a1d7c1476cc3d74288ac81b8e51ee7969175a1cf1c08e77c3,83,0x4470bb87d77b963a013db939be332f927f2b992e,0x0000000000000000000000000000000000000000000000000000000017d695b8,"[0xddf252ad1be2c89b69c2b068fc378daa952ba7f163c4a11628f55a4df523b3ef,0x000000000000000000000000fbb1b73c4f0bda4f67dca266ce6ef42f520fbb98,,]",2019-04-14 16:19:35 UTC,7567106,0x739f4e951e28aae19ad3a1eb5fac28df33bfa76797ec9285262cae4ebeeaa815
86,0xb137484ddf4ab09a1d7c1476cc3d74288ac81b8e51ee7969175a1cf1c08e77c3,83,0xa3c1e324ca1ce40db73ed6026c4a177f099b5770,0x0000000000000000000000000000000000000000000000000000000017d695b8,"[0xa64da754fccf55aa65a1f0128a648633fade3884b236e879ee9f64c78df5d5d7,0x000000000000000000000000fbb1b73c4f0bda4f67dca266ce6ef42f520fbb98,0x0000000000000000000000004470bb87d77b963a013db939be332f927f2b992e,]",2019-04-14 16:19:35 UTC,7567106,0x739f4e951e28aae19ad3a1eb5fac28df33bfa76797ec9285262cae4ebeeaa815
87,0xd171e351a70f56f5732c2d7ed8ee8f82e2372c3df34a30091887860c0403afed,84,0xa3c1e324ca1ce40db73ed6026c4a177f099b5770,0x00000000000000000000000000000000000000000000000040b9bb7995f29800,"[0xa64da754fccf55aa65a1f0128a648633fade3884b236e879ee9f64c78df5d5d7,0x000000000000000000000000fbb1b73c4f0bda4f67dca266ce6ef42f520fbb98,0x0000000000000000000000000000000000000000000000000000000000000000,]",2019-04-14 16:19:35 UTC,7567106,0x739f4e951e28aae19ad3a1eb5fac28df33bfa76797ec9285262cae4ebeeaa815
88,0xf60dad4023a548d38ad7957ce643372e105b2fbb9560ea6614ff26efc9fc86ee,85,0xa3c1e324ca1ce40db73ed6026c4a177f099b5770,0x0000000000000000000000000000000000000000000000000e35fa931a000000,"[0xa64da754fccf55aa65a1f0128a648633fade3884b236e879ee9f64c78df5d5d7,0x000000000000000000000000fbb1b73c4f0bda4f67dca266ce6ef42f520fbb98,0x0000000000000000000000000000000000000000000000000000000000000000,]",2019-04-14 16:19:35 UTC,7567106,0x739f4e951e28aae19ad3a1eb5fac28df33bfa76797ec9285262cae4ebeeaa815
89,0xf8a8e460b3f7f810a96882d62f6133db091a4225f3d582f67b42e73d3b821f92,86,0x4092678e4e78230f46a1534c0fbc8fa39780892b,0x0000000000000000000000000000000000000000000024749e95f092b7ef8000,"[0xddf252ad1be2c89b69c2b068fc378daa952ba7f163c4a11628f55a4df523b3ef,0x000000000000000000000000fbb1b73c4f0bda4f67dca266ce6ef42f520fbb98,,]",2019-04-14 16:19:35 UTC,7567106,0x739f4e951e28aae19ad3a1eb5fac28df33bfa76797ec9285262cae4ebeeaa815
90,0xf8a8e460b3f7f810a96882d62f6133db091a4225f3d582f67b42e73d3b821f92,86,0xa3c1e324ca1ce40db73ed6026c4a177f099b5770,0x0000000000000000000000000000000000000000000024749e95f092b7ef8000,"[0xa64da754fccf55aa65a1f0128a648633fade3884b236e879ee9f64c78df5d5d7,0x000000000000000000000000fbb1b73c4f0bda4f67dca266ce6ef42f520fbb98,0x0000000000000000000000004092678e4e78230f46a1534c0fbc8fa39780892b,]",2019-04-14 16:19:35 UTC,7567106,0x739f4e951e28aae19ad3a1eb5fac28df33bfa76797ec9285262cae4ebeeaa815
91,0xb487d29727c82b2a0f299ec523c5834eabca2a68d8a663cae37e80c7a2c16b66,87,0xd8698a985b89650d0a70f99ad2909bd0c0b4b51c,0x0000000000000000000000000000000000000000000000015af1d78b58c40000,"[0xddf252ad1be2c89b69c2b068fc378daa952ba7f163c4a11628f55a4df523b3ef,0x000000000000000000000000e17ee7b3c676701c66b395a35f0df4c2276a344e,,]",2019-04-14 16:19:35 UTC,7567106,0x739f4e951e28aae19ad3a1eb5fac28df33bfa76797ec9285262cae4ebeeaa815
92,0x0ae93e97e2721365a91a1ceeecb76ce31f9ef83ff7903fe71084e99f3b0cbc28,88,0x5ca9a71b1d01849c0a95490cc00559717fcf0d1d,0x00000000000000000000000000000000000000000000005d35ccaac59efb4000,"[0xddf252ad1be2c89b69c2b068fc378daa952ba7f163c4a11628f55a4df523b3ef,0x000000000000000000000000452f56ed81a6ccc70c974098051aeda43894288d,,]",2019-04-14 16:19:35 UTC,7567106,0x739f4e951e28aae19ad3a1eb5fac28df33bfa76797ec9285262cae4ebeeaa815
77,0x5c36316544adb42e60aaf3cb0458a4a76daa6697dca9abf7a84cb5ce9c34ec68,76,0x03cb0021808442ad5efb61197966aef72a1def96,0x000000000000000000000000000000000000000000000000290ced53ed9b0000,"[0xddf252ad1be2c89b69c2b068fc378daa952ba7f163c4a11628f55a4df523b3ef,0x00000000000000000000000003cb0021808442ad5efb61197966aef72a1def96,,]",2019-04-14 16:19:35 UTC,7567106,0x739f4e951e28aae19ad3a1eb5fac28df33bfa76797ec9285262cae4ebeeaa815
78,0x5c36316544adb42e60aaf3cb0458a4a76daa6697dca9abf7a84cb5ce9c34ec68,76,0x03cb0021808442ad5efb61197966aef72a1def96,0x000000000000000000000000000000000000000000000000290ced53ed9b0000,"[0xddf252ad1be2c89b69c2b068fc378daa952ba7f163c4a11628f55a4df523b3ef,0x0000000000000000000000000000000000000000000000000000000000000000,,]",2019-04-14 16:19:35 UTC,7567106,0x739f4e951e28aae19ad3a1eb5fac28df33bfa76797ec9285262cae4ebeeaa815
79,0x1dcf70796d79aca7d3f18758f94e4de7804e15b62b27713934b994053f4fee2e,78,0xa3c1e324ca1ce40db73ed6026c4a177f099b5770,0x00000000000000000000000000000000000000000000000000b1acc8f6182400,"[0xa64da754fccf55aa65a1f0128a648633fade3884b236e879ee9f64c78df5d5d7,0x000000000000000000000000fbb1b73c4f0bda4f67dca266ce6ef42f520fbb98,0x0000000000000000000000000000000000000000000000000000000000000000,]",2019-04-14 16:19:35 UTC,7567106,0x739f4e951e28aae19ad3a1eb5fac28df33bfa76797ec9285262cae4ebeeaa815
80,0x36fd76547892482c02bcf1a36d003be9b46be124ba7050771fd2d85472224e16,79,0xa3c1e324ca1ce40db73ed6026c4a177f099b5770,0x000000000000000000000000000000000000000000000000059d24fa89785000,"[0xa64da754fccf55aa65a1f0128a648633fade3884b236e879ee9f64c78df5d5d7,0x000000000000000000000000fbb1b73c4f0bda4f67dca266ce6ef42f520fbb98,0x0000000000000000000000000000000000000000000000000000000000000000,]",2019-04-14 16:19:35 UTC,7567106,0x739f4e951e28aae19ad3a1eb5fac28df33bfa76797ec9285262cae4ebeeaa815
81,0xbc9c330bc4828cb231bdc0199283fd9f2b1b6618f98b4b5031ffa7ed2444f1af,80,0xa3c1e324ca1ce40db73ed6026c4a177f099b5770,0x00000000000000000000000000000000000000000000000000e03e039ba08800,"[0xa64da754fccf55aa65a1f0128a648633fade3884b236e879ee9f64c78df5d5d7,0x000000000000000000000000fbb1b73c4f0bda4f67dca266ce6ef42f520fbb98,0x0000000000000000000000000000000000000000000000000000000000000000,]",2019-04-14 16:19:35 UTC,7567106,0x739f4e951e28aae19ad3a1eb5fac28df33bfa76797ec9285262cae4ebeeaa815
82,0x5ca7fd268ce4bca743f1bc27d44520877369bf257bc62013eef56fb730cfc5af,81,0xe94b04a0fed112f3664e45adb2b8915693dd5ff3,0x000000000000000000000000fbb1b73c4f0bda4f67dca266ce6ef42f520fbb98,"[0x23919512b2162ddc59b67a65e3b03c419d4105366f7d4a632f5d3c3bee9b1cff,,,]",2019-04-14 16:19:35 UTC,7567106,0x739f4e951e28aae19ad3a1eb5fac28df33bfa76797ec9285262cae4ebeeaa815
83,0x9d197ed0dff1fb208cd46bba4c2c4eeab302dbfc4ae45df213a03754699cb754,82,0xdf2c7238198ad8b389666574f2d8bc411a4b7428,0x0000000000000000000000000000000000000000000174f74080e0e1c4da4c00,"[0xddf252ad1be2c89b69c2b068fc378daa952ba7f163c4a11628f55a4df523b3ef,0x000000000000000000000000fbb1b73c4f0bda4f67dca266ce6ef42f520fbb98,,]",2019-04-14 16:19:35 UTC,7567106,0x739f4e951e28aae19ad3a1eb5fac28df33bfa76797ec9285262cae4ebeeaa815
84,0x9d197ed0dff1fb208cd46bba4c2c4eeab302dbfc4ae45df213a03754699cb754,82,0xa3c1e324ca1ce40db73ed6026c4a177f099b5770,0x0000000000000000000000000000000000000000000174f74080e0e1c4da4c00,"[0xa64da754fccf55aa65a1f0128a648633fade3884b236e879ee9f64c78df5d5d7,0x000000000000000000000000fbb1b73c4f0bda4f67dca266ce6ef42f520fbb98,0x000000000000000000000000df2c7238198ad8b389666574f2d8bc411a4b7428,]",2019-04-14 16:19:35 UTC,7567106,0x739f4e951e28aae19ad3a1eb5fac28df33bfa76797ec9285262cae4ebeeaa815
117,0x05e5c1c0257d03f6a360ba81280aea413a44124d4039de94e5a0897cce64fe74,134,0xc7af99fe5513eb6710e6d5f44f9989da40f27f26,0x000000000000000000000000000000000000000000000000000000000003999200000000000000000000000000000000000000000000000000020e1f80e3f3a800000000000000000000000006012c8cf97bead5deae237070f9587f8e7a266d,"[0x4fcc30d90a842164dd58501ab874a101a3749c3d4747139cefe7c876f4ccebd2,,,]",2019-04-14 16:19:35 UTC,7567106,0x739f4e951e28aae19ad3a1eb5fac28df33bfa76797ec9285262cae4ebeeaa815
118,0x05e5c1c0257d03f6a360ba81280aea413a44124d4039de94e5a0897cce64fe74,134,0x06012c8cf97bead5deae237070f9587f8e7a266d,0x000000000000000000000000c7af99fe5513eb6710e6d5f44f9989da40f27f2600000000000000000000000081ad6f14f4394f35eae9a56d04b3aae847e7693d0000000000000000000000000000000000000000000000000000000000039992,"[0xddf252ad1be2c89b69c2b068fc378daa952ba7f163c4a11628f55a4df523b3ef,,,]",2019-04-14 16:19:35 UTC,7567106,0x739f4e951e28aae19ad3a1eb5fac28df33bfa76797ec9285262cae4ebeeaa815
119,0x05e5c1c0257d03f6a360ba81280aea413a44124d4039de94e5a0897cce64fe74,134,0x06012c8cf97bead5deae237070f9587f8e7a266d,0x000000000000000000000000b73f2a25c8b0c5f5d6e2e97b0148591b82b32c9500000000000000000000000000000000000000000000000000000000001377810000000000000000000000000000000000000000000000000000000000039992000000000000000000000000000000000000000000000000000000000073770a,"[0x241ea03ca20251805084d27d4440371c34a0b85ff108f6bb5611248f73818b80,,,]",2019-04-14 16:19:35 UTC,7567106,0x739f4e951e28aae19ad3a1eb5fac28df33bfa76797ec9285262cae4ebeeaa815
120,0xf6893b1957af0aafa4535fd7732e1e2d9cf65f3fb9a329fbaa0fa5bebfce80f6,136,0xf3586684107ce0859c44aa2b2e0fb8cd8731a15a,0x000000000000000000000000000000000000000000000000000000680cb83e80,"[0xddf252ad1be2c89b69c2b068fc378daa952ba7f163c4a11628f55a4df523b3ef,0x000000000000000000000000e20def5ea95b4280b5c0001ecda64ba34083ba15,,]",2019-04-14 16:19:35 UTC,7567106,0x739f4e951e28aae19ad3a1eb5fac28df33bfa76797ec9285262cae4ebeeaa815
121,0x3db104aad42608096a41fb7fa5a1f600d776fa9818a8e1a0c2bea85baee15ba2,140,0x03cb0021808442ad5efb61197966aef72a1def96,0x0000000000000000000000000000000000000000000000000de0b6b3a7640000,"[0xddf252ad1be2c89b69c2b068fc378daa952ba7f163c4a11628f55a4df523b3ef,0x0000000000000000000000003e52acd77b62e427b4061e0a1716645b36dc0fd9,,]",2019-04-14 16:19:35 UTC,7567106,0x739f4e951e28aae19ad3a1eb5fac28df33bfa76797ec9285262cae4ebeeaa815
122,0x91bbc5bc567db5bbe9e055a741a31c57dbd29f089e826a8af4ab69b4148d09c1,141,0x0d8775f648430679a709e98d2b0cb6250d2887ef,0x000000000000000000000000000000000000000000000030849ebe16369c0000,"[0xddf252ad1be2c89b69c2b068fc378daa952ba7f163c4a11628f55a4df523b3ef,0x000000000000000000000000885ecc9c31320993e0fe6148cd90f5159db19d36,,]",2019-04-14 16:19:35 UTC,7567106,0x739f4e951e28aae19ad3a1eb5fac28df33bfa76797ec9285262cae4ebeeaa815
123,0xbd77ff562dee9f4966052be87e3e1af8492dbf68379dfbba9f615fde4ad9d1fd,142,0x0d8775f648430679a709e98d2b0cb6250d2887ef,0x00000000000000000000000000000000000000000000000ad78ebc5ac6200000,"[0xddf252ad1be2c89b69c2b068fc378daa952ba7f163c4a11628f55a4df523b3ef,0x000000000000000000000000885ecc9c31320993e0fe6148cd90f5159db19d36,,]",2019-04-14 16:19:35 UTC,7567106,0x739f4e951e28aae19ad3a1eb5fac28df33bfa76797ec9285262cae4ebeeaa815
124,0x7318af7e55a88ca112d8577acaee57a9b82fca623cf458d7733d1b14c36ec46a,143,0x0d8775f648430679a709e98d2b0cb6250d2887ef,0x00000000000000000000000000000000000000000000000ad78ebc5ac6200000,"[0xddf252ad1be2c89b69c2b068fc378daa952ba7f163c4a11628f55a4df523b3ef,0x000000000000000000000000885ecc9c31320993e0fe6148cd90f5159db19d36,,]",2019-04-14 16:19:35 UTC,7567106,0x739f4e951e28aae19ad3a1eb5fac28df33bfa76797ec9285262cae4ebeeaa815
125,0x5488e953d6451e79a599b513db8e179ff5ffe955f3020d407561d411243d6fc9,147,0xa37d94e80eab7a5bcb6d2e76b7666e341e4b58f6,0x00000000000000000000000000000000000000000000021b562e276991200000,"[0xddf252ad1be2c89b69c2b068fc378daa952ba7f163c4a11628f55a4df523b3ef,0x000000000000000000000000addc4204a3a7263fb5d98795ed078740297ec96f,,]",2019-04-14 16:19:35 UTC,7567106,0x739f4e951e28aae19ad3a1eb5fac28df33bfa76797ec9285262cae4ebeeaa815
126,0x9bcfeb1a2960232e78015d476ddaf1d9320dc0fda74ce62cef9c7b502e0f6e7b,148,0xa37d94e80eab7a5bcb6d2e76b7666e341e4b58f6,0x000000000000000000000000000000000000000000000003b8c78ec00e718000,"[0xddf252ad1be2c89b69c2b068fc378daa952ba7f163c4a11628f55a4df523b3ef,0x000000000000000000000000cafb84f9f223f3fb6d09b5160a4e1f81a11a3c57,,]",2019-04-14 16:19:35 UTC,7567106,0x739f4e951e28aae19ad3a1eb5fac28df33bfa76797ec9285262cae4ebeeaa815
127,0x9dcc48b651a6b0264f0cd74be2fe62790800712be957b0d2ba156cde5e0d768c,154,0x174bfa6600bf90c885c7c01c7031389ed1461ab9,0x00000000000000000000000000000000000000000000000029a2241af62c0000,"[0xddf252ad1be2c89b69c2b068fc378daa952ba7f163c4a11628f55a4df523b3ef,0x00000000000000000000000030ebb4c5debf92968c4d83691b235ff4ccf6fcdf,,]",2019-04-14 16:19:35 UTC,7567106,0x739f4e951e28aae19ad3a1eb5fac28df33bfa76797ec9285262cae4ebeeaa815
128,0x86cfc58665724d42b0690329521679cff12c2e671c69750e4ed11e2bc31f526b,156,0xb363a3c584b1f379c79fbf09df015da5529d4dac,0x,"[0x906faaf913a60f38b5e8f2d6f5b163239bac2d994fa1a5d21751a51587a94057,0x0000000000000000000000000000000000000000000000075f610f70ed200000,,]",2019-04-14 16:19:35 UTC,7567106,0x739f4e951e28aae19ad3a1eb5fac28df33bfa76797ec9285262cae4ebeeaa815
129,0x92443d9ac57a606e8680e49c9c6cf8f27ca66cb990ee2ce457a88f5ee11c150e,158,0x9a07fd8a116b7e3be9e6185861496af7a2041460,0x000000000000000000000000000000000000000000000000d02ab486cedc00000000000000000000000000000000000000000000000000000000000000000001,"[0x822ade8c81d527897e088fa789edb7c459003f063f4f89c9d7fe43a0b0da10f3,,,]",2019-04-14 16:19:35 UTC,7567106,0x739f4e951e28aae19ad3a1eb5fac28df33bfa76797ec9285262cae4ebeeaa815
130,0x773b1dd6120678ab0207873d4075231869f02cf2ecb5881de1b48e7246c15bc7,159,0x28c69cd429f785954ae4b0263db4d9871c033ca7,0x0000000000000000000000000000000000000000000000008ac7230489e80000,"[0xddf252ad1be2c89b69c2b068fc378daa952ba7f163c4a11628f55a4df523b3ef,0x000000000000000000000000c34f321bd48513d3fca0c1e39cab32e841500fc4,,]",2019-04-14 16:19:35 UTC,7567106,0x739f4e951e28aae19ad3a1eb5fac28df33bfa76797ec9285262cae4ebeeaa815
131,0x4bd7c65fb84dc412d6a1a50a7a84bcc79aa2c261149458a0d060eca4544c50c8,162,0xc945c6e50c92059a3cb6f8e933dd01c81090dffe,0x00000000000000000000000000000000000000000000001b1ae4d6e2ef500000,"[0xddf252ad1be2c89b69c2b068fc378daa952ba7f163c4a11628f55a4df523b3ef,0x00000000000000000000000087c574fb2df0eaa2daf5fc4a8a16dd3ce39011b1,,]",2019-04-14 16:19:35 UTC,7567106,0x739f4e951e28aae19ad3a1eb5fac28df33bfa76797ec9285262cae4ebeeaa815
112,0xca455ac13f759869b1b37ac026e25bc7877b97a8d093593ab1f64d5bc8176d08,125,0x254ef3fcae7b468e5ae36d55d9ebb1c5dff21e64,0x0000000000000000000000000000000000000000000000000000000003eca00f,"[0xddf252ad1be2c89b69c2b068fc378daa952ba7f163c4a11628f55a4df523b3ef,0x000000000000000000000000ce32ea5e42ec67581343d54e8cd4f1a985fcd2ee,,]",2019-04-14 16:19:35 UTC,7567106,0x739f4e951e28aae19ad3a1eb5fac28df33bfa76797ec9285262cae4ebeeaa815
113,0x9d8f8a27332e0d6b11694aa7915e41c7b0fc84bc2238841b37f50329531cd7a5,127,0x5ae655088e79fa0ced7b472d3bacd215ef796ccc,0x00000000000000000000000000000000000000000000000086c15f2877c17e00,"[0xddf252ad1be2c89b69c2b068fc378daa952ba7f163c4a11628f55a4df523b3ef,0x000000000000000000000000c8942f3e1f3b49f5bd3148a31d5ac139508ca3e1,,]",2019-04-14 16:19:35 UTC,7567106,0x739f4e951e28aae19ad3a1eb5fac28df33bfa76797ec9285262cae4ebeeaa815
114,0x6fd22ca6a57a72f4dc97872cedd3944940034b9f48db271dbb801e4626a5a7d3,129,0xe25bcec5d3801ce3a794079bf94adf1b8ccd802d,0x0000000000000000000000000000000000000000000000008ac7230489e80000,"[0xddf252ad1be2c89b69c2b068fc378daa952ba7f163c4a11628f55a4df523b3ef,0x000000000000000000000000a49cb718439888f72cc7beb998a2629cc57f311e,,]",2019-04-14 16:19:35 UTC,7567106,0x739f4e951e28aae19ad3a1eb5fac28df33bfa76797ec9285262cae4ebeeaa815
115,0x3388e901e9133715ebc257557ae3ee9d1fb3ebaf6910c46142aa3c4bdca4bd65,132,0x3dbdc81a6edc94c720b0b88fb65dbd7e395fdcf6,0x000000000000000000000000a52e014b3f5cc48287c2d483a3e026c32cc76e6db3215ab27174af325da91aedf06847bb9653194db2552ffdf166795d265e1c3b00000000000000000000000000000000000000000000000000000000000000000000000000000000000000000000000000000000000000000000000000000100000000000000000000000000000000000000000000000000000000000000014000000000000000000000000000000000000000000000000000000000000395f81100000000000000000000000000000000000000000000000000000000000000000000000000000000000000000000000000000000000000000000012a05f20000000000000000000000000000000000000000000000000000000000000000066e6573746564000000000000000000000000000000000000000000000000000000000000000000000000000000000000000000000000000000000000000001b95b55524c5d205b276a736f6e2868747470733a2f2f6170692e72616e646f6d2e6f72672f6a736f6e2d7270632f312f696e766f6b65292e726573756c742e72616e646f6d5b2273657269616c4e756d626572222c2264617461225d272c20275c6e7b226a736f6e727063223a22322e30222c226d6574686f64223a2267656e65726174655369676e6564496e746567657273222c22706172616d73223a7b226170694b6579223a247b5b646563727970745d2042424d7956777874695479356f4b566b524777573259633039346c7051795437344164656e4a316a79776d4e34724e7978587169647444734442506c41535657504a30743853776a53596a4a76484147533833536938735943784e483079326b6c2f56773543697a646367556178314e7454644673314d585864764c59676b467133683862327156326f4576785646714c377632386c63477a4f7579354d733d7d2c226e223a312c226d696e223a312c226d6178223a3130302c227265706c6163656d656e74223a747275652c2262617365223a3130247b5b6964656e746974795d20227d227d2c226964223a323338323139247b5b6964656e746974795d20227d227d275d00000000000000,"[0xb76d0edd90c6a07aa3ff7a222d7f5933e29c6acc660c059c97837f05c4ca1a84,,,]",2019-04-14 16:19:35 UTC,7567106,0x739f4e951e28aae19ad3a1eb5fac28df33bfa76797ec9285262cae4ebeeaa815
116,0x3388e901e9133715ebc257557ae3ee9d1fb3ebaf6910c46142aa3c4bdca4bd65,132,0xa52e014b3f5cc48287c2d483a3e026c32cc76e6d,0x0000000000000000000000000000000000000000000000000470de4df81fffff0000000000000000000000000000000000000000000000000de0b6b3a7640000000000000000000000000000000000000000000000000000000000000000004c000000000000000000000000000000000000000000000000000000000003a28b,"[0x56b3f1a6cd856076d6f8adbf8170c43a0b0f532fc5696a2699a0e0cabc704163,0x00000000000000000000000057ab282ba3bdc1cec3e1b078b206cc9ca55dbf18,0x000000000000000000000000000000000000000000000000125195019f83ffff,]",2019-04-14 16:19:35 UTC,7567106,0x739f4e951e28aae19ad3a1eb5fac28df33bfa76797ec9285262cae4ebeeaa815
132,0x9b30345609be8bf01eccf5bfe05bd15d74a9926b07060d615ffdf5910d00b225,163,0x28c69cd429f785954ae4b0263db4d9871c033ca7,0x00000000000000000000000000000000000000000000000c40614a99c6480000,"[0xddf252ad1be2c89b69c2b068fc378daa952ba7f163c4a11628f55a4df523b3ef,0x000000000000000000000000f0dae29fd3ec402bd8c226529fcf7bf90dd0215b,,]",2019-04-14 16:19:35 UTC,7567106,0x739f4e951e28aae19ad3a1eb5fac28df33bfa76797ec9285262cae4ebeeaa815
133,0x161b6f01429d6daf5ceef6d5228ceebcc2e58aef4a7e584402fa0e0ae1208a44,164,0x8a91277f3e044291bcf152fc33de2b7a1565625e,0x0000000000000000000000000000000000000000000000000000000000000000000000000000000000000000000000000000000000000000000000005cb35d97,"[0x36af321ec8d3c75236829c5317affd40ddb308863a1236d2d277a4025cccee1e,0x0000000000000000000000000000000000000000000000000000000000737702,,]",2019-04-14 16:19:35 UTC,7567106,0x739f4e951e28aae19ad3a1eb5fac28df33bfa76797ec9285262cae4ebeeaa815
134,0x071b0822479078941d0e613932e285c1cd483d430d0cb8cd9920c4a860c145c9,166,0x28c69cd429f785954ae4b0263db4d9871c033ca7,0x00000000000000000000000000000000000000000000000ae56f730e6d840000,"[0xddf252ad1be2c89b69c2b068fc378daa952ba7f163c4a11628f55a4df523b3ef,0x0000000000000000000000007c307e2d83729e65b6277551afb2b68ca7b9366e,,]",2019-04-14 16:19:35 UTC,7567106,0x739f4e951e28aae19ad3a1eb5fac28df33bfa76797ec9285262cae4ebeeaa815